avg_distance_from_route,speed_variance,max_stop_duration,num_missing_updates,total_distance,avg_speed,max_speed,trip_duration,straightness_ratio,stop_count,start_hour,end_hour,bearing_change_variance,label
3.685216621708235,0.0019544049492712765,0.0,0,499.29196947878444,0.26004790077020024,0.3302229061326704,1920.0,1.0174818995039998,0,9,10,147.11160374908877,0
2.5079280260946777,0.002525218310572733,0.0,0,655.1092659574233,0.25996399442754897,0.32965853166521136,2520.0,1.0075161403885207,0,9,10,47.70292891515151,0
3.4659404250416457,0.002123721409016242,0.0,0,719.2375872629545,0.2605933287184618,0.33934318724133755,2760.0,1.0091401470479258,0,9,10,57.82338921321746,0
3.0271619033435258,0.0018772168930240257,0.0,0,498.0057575464568,0.2593779987221129,0.3362453075511514,1920.0,1.010556531144892,0,9,10,62.247244092575976,0
2.238567032592831,0.0014607802555393786,0.0,0,558.5719759840333,0.25859813702964507,0.3360003899542373,2160.0,1.0025646855864712,0,9,10,14.780578216557648,0
2.188061297698262,0.0011780605392272823,0.0,0,568.7499956454141,0.26331018316917315,0.3295942541553572,2160.0,1.0082407066000767,0,9,10,56.590804298028004,0
2.6643509974543993,0.0008483368518733884,0.0,0,366.80231207875164,0.25472382783246644,0.28964029990732615,1440.0,1.0089596997235872,0,9,10,36.88136202777401,0
3.601164583730199,0.0010576744360724331,0.0,0,687.7164043014815,0.26049863799298545,0.31588734744149327,2640.0,1.0105543125867482,0,9,10,74.13091767559777,0
3.1721195530532227,0.0009533897225122754,0.0,0,748.0259343356937,0.25973122719989367,0.3388075231551566,2880.0,1.0099652492633722,0,9,10,79.02598998905441,0
2.2057434380173997,0.0002386828215453176,0.0,0,372.4774103661372,0.25866486830981744,0.28705541665939144,1440.0,1.0064371450031127,0,9,10,50.07188868639286,0
4.030663919993259,0.001476361455166596,0.0,0,749.5261139387715,0.2602521228954067,0.33427462991685103,2880.0,1.0135001712194636,0,9,10,94.45544942384217,0
3.662332174291503,0.0008537371200326987,0.0,0,406.1740668987743,0.2603679916017784,0.30552161669606054,1560.0,1.0099212502382018,0,9,10,44.835165684942176,0
2.9293591076233327,0.0013668224095469451,0.0,0,488.6569627433985,0.2545088347621867,0.32669462655526954,1920.0,1.0081569412900389,0,9,10,26.396205070774116,0
2.065865602534718,0.0013472430995630463,0.0,0,436.05192835515055,0.2595547192590182,0.31709470487494296,1680.0,1.0039256708031437,0,9,10,13.831024596170382,0
2.534782810051288,0.0014023010217593908,0.0,0,466.45871506009024,0.25914373058893897,0.33695992690726784,1800.0,1.0051606066029333,0,9,10,32.23040672954453,0
2.9362529571597,0.0016830002527716001,0.0,0,408.3370981668176,0.2617545501069344,0.32978389925441726,1560.0,1.0085779643229213,0,9,10,42.05191358711051,0
6.62179881704242,0.0013214398270692403,0.0,0,440.00199090065945,0.2619059469646782,0.32929056405449686,1680.0,1.0103167806724744,0,9,10,56.32041279154581,0
5.430808199595215,0.0008744176543972818,0.0,0,410.8325449629309,0.26335419548905825,0.3066998157425898,1560.0,1.006487608428992,0,9,10,29.057046324533925,0
3.5628511710624284,0.001984721691352033,0.0,0,431.71921047527417,0.25697572052099654,0.32531328292677303,1680.0,1.007639970453868,0,9,10,47.50271706549165,0
4.396048854558493,0.0007730998467873292,0.0,0,345.0319654490358,0.2613878526129059,0.30672163554748794,1320.0,1.0137974880796066,0,9,10,62.647061544350095,0
2.8176477429652556,0.000781205273509888,0.0,0,503.6311237778384,0.26230787696762414,0.2845484557346186,1920.0,1.011881866228082,0,9,10,128.64530343850467,0
2.3718030006787805,0.001915872050202548,0.0,0,433.97839105736,0.25832047086747617,0.3383989589242798,1680.0,1.0094927704201613,0,9,10,70.92218893036775,0
2.5584348210439716,0.0009557875028015075,0.0,0,527.8260416405258,0.2587382557061401,0.30841520405789163,2040.0,1.005029396159186,0,9,10,37.74756484279872,0
3.7853742001126225,0.0019351576643988635,0.0,0,533.3979249469568,0.2614695710524298,0.3305225876917326,2040.0,1.0079110304973546,0,9,10,39.574593425750166,0
3.2884749614187085,0.0017657313822954852,0.0,0,412.0406051204965,0.26412859302595926,0.35995257209085224,1560.0,1.0106911425870946,0,9,10,47.75821623562785,0
3.136926584841466,0.0014539696874806103,0.0,0,684.4520456451455,0.25926213850194907,0.32952267438828836,2640.0,1.0072983394292316,0,9,10,33.6433912500802,0
2.3330906615784537,0.001961990867848007,0.0,0,405.0164757479469,0.2596259459922737,0.3157910859656397,1560.0,1.0062914449572171,0,9,10,15.506153194428558,0
2.109737395639996,0.00041736094576847425,0.0,0,349.9168903423123,0.26508855328963055,0.2880073273065418,1320.0,1.0086273074282124,0,9,10,39.11321409039522,0
2.2084735477800597,0.0014926531348081707,0.0,0,371.8584452303703,0.2582350314099794,0.32254118671474874,1440.0,1.007389662509503,0,9,10,23.36518740228036,0
3.7230778815865344,0.0020556233657388874,0.0,0,497.79144862633973,0.2592663794928853,0.33164018768636727,1920.0,1.011139816677547,0,9,10,48.76598723912541,0
3.321883007365303,0.0022955404108107864,0.0,0,747.9381007821756,0.25970072943825545,0.3513472591234715,2880.0,1.0102208493857032,0,9,10,49.734228010627454,0
3.227872232648419,0.00138713170905184,0.0,0,725.5751100943122,0.26288953264286674,0.3370122435314417,2760.0,1.012479166782402,0,9,10,68.62481089567132,0
2.8912772170772505,0.002508192477155423,0.0,0,597.852589532823,0.26221604804071186,0.3474734310854037,2280.0,1.0046628108806792,0,9,10,39.47330205198419,0
3.8967645859099314,0.0017874689089508408,0.0,0,722.7153941156785,0.2618534036651009,0.3611345927063736,2760.0,1.0183471396646564,0,9,10,147.48769889576485,0
3.7515536412763213,0.001399701562928526,0.0,0,569.4625326607174,0.2636400614169988,0.3444384227801804,2160.0,1.013237846576052,0,9,10,47.24818857661606,0
2.6081382960913086,0.0014658706535670364,0.0,0,410.12060309208744,0.2628978224949278,0.32567610127486907,1560.0,1.010655681706302,0,9,10,39.161058048695146,0
2.8792785838681416,0.001704026429557708,0.0,0,593.428712081045,0.26027575091273897,0.3191623843490949,2280.0,1.0092025852634265,0,9,10,69.14254958024534,0
3.1253143537766745,0.0013598647931188732,0.0,0,341.01283942892076,0.25834306017342484,0.3221110974571302,1320.0,1.0058034753060097,0,9,10,30.227158328413715,0
5.845729633685559,0.001022364034874149,0.0,0,661.874586227504,0.26264864532837456,0.32387168826091617,2520.0,1.01455861539026,0,9,10,76.42155632473319,0
6.657444944598832,0.001512636249425488,0.0,0,439.17162413744467,0.26141168103419327,0.3360123978102274,1680.0,1.010845429127703,0,9,10,129.84346106663435,0
5.732411936372793,0.0005065651092397283,0.0,0,536.4001412230667,0.2629412456975817,0.30332779409995714,2040.0,1.010712620362671,0,9,10,56.532982969165346,0
2.6042398350122866,0.0015432001550984842,0.0,0,381.6356767095982,0.26502477549277653,0.3070031747554299,1440.0,1.0120292884889541,0,9,10,50.95399475875256,0
4.0972052901986125,0.0016117749979600643,0.0,0,356.2446753185058,0.2698823297867468,0.3370270007378307,1320.0,1.011988679466157,0,9,10,72.95280245217137,0
2.7493660432737794,0.0011671728805266379,0.0,0,568.8128610737267,0.26333928753413277,0.3206507636340011,2160.0,1.0066222675505476,0,9,10,50.32916556186483,0
5.14556692813616,0.0010422101485772007,0.0,0,725.6882794887548,0.2629305360466503,0.3092788288017167,2760.0,1.015671215192268,0,9,10,91.8340269758999,0
3.544585516808593,0.0011463001980393213,0.0,0,499.7739608615176,0.26029893794870707,0.30868300755497236,1920.0,1.0104674256422672,0,9,10,67.45899605286621,0
2.3074473921594083,0.0009557670456009766,0.0,0,661.903130633818,0.26265997247373735,0.3085938254057513,2520.0,1.0078884881520578,0,9,10,67.62909969849098,0
4.778322604718541,0.0006601353952599504,0.0,0,596.8236746481489,0.26176476958252143,0.3146116526727252,2280.0,1.0160827389987932,0,9,10,70.57944225384875,0
5.2660591605823175,0.002304945483934205,0.0,0,717.4024555714044,0.25992842593166826,0.3510468361494609,2760.0,1.010345397751351,0,9,10,57.22530261268216,0
4.518041899993094,0.000734851957430307,0.0,0,500.9833453040057,0.26092882567916964,0.30820516919169455,1920.0,1.0069491481488673,0,9,10,68.07356425025759,0
3.5987707565413607,0.0010027170509845425,0.0,0,592.5578146939637,0.25989377837454547,0.3186943327385877,2280.0,1.0131637590585962,0,9,10,89.85892438656484,0
3.774973019360694,0.0007366458100227103,0.0,0,724.7837321581525,0.26260280150657694,0.3194836661921994,2760.0,1.0160742500513684,0,9,10,130.07556200342478,0
2.7012957550429646,0.0016769712292872949,0.0,0,500.7310718632222,0.26079743326209487,0.33957234795745644,1920.0,1.013055571924292,0,9,10,63.266057064751934,0
3.7365193065991376,0.0014860518660871202,0.0,0,625.8624352412954,0.26077601468387307,0.3478441060396368,2400.0,1.0205944690999789,0,9,10,118.19979937873663,0
4.9056073923501895,0.0008700876685185936,0.0,0,345.1895349865232,0.2615072234746388,0.336870579846304,1320.0,1.0115359247027653,0,9,10,44.1925967495949,0
4.328449248469246,0.0016742066876643854,0.0,0,726.929012796196,0.263380077100071,0.3361490472149687,2760.0,1.0146765671981315,0,9,10,84.88801614400435,0
4.197260229311367,0.0010232948897287812,0.0,0,407.5198220302263,0.261230655147581,0.30045790324517724,1560.0,1.01428620407041,0,9,10,96.16158515979896,0
3.6521378507638356,0.0014062366657934106,0.0,0,470.40598695117336,0.2613366594173185,0.356334355660341,1800.0,1.0128490308618783,0,9,10,80.38569206058624,0
4.0826941082379244,0.0015256527598743116,0.0,0,657.4145991867773,0.2608788092011021,0.3100299789286006,2520.0,1.0108447170717003,0,9,10,90.38014870446986,0
3.25760355062623,0.001488915400938243,0.0,0,529.0334249923701,0.2593301102903775,0.32075337518122005,2040.0,1.0123223424046621,0,9,10,52.39379194584764,0
4.360730327337168,0.001105630807197172,0.0,0,598.6565820285621,0.26256867632831665,0.31646311997586274,2280.0,1.0137373843905149,0,9,10,61.90371057869697,0
3.588348648586116,0.0005980231538439793,0.0,0,541.4131863942746,0.26539862078150717,0.31789130846198504,2040.0,1.0133289749259524,0,9,10,92.1725335883686,0
5.494855731568307,0.0015921841505840172,0.0,0,723.0058815764695,0.26195865274509766,0.344985268153969,2760.0,1.0131560275833005,0,9,10,107.6048589075327,0
3.6407315341351345,0.0018077536225915227,0.0,0,562.7522553513588,0.26053345155155505,0.3402725150922624,2160.0,1.0091917934554786,0,9,10,37.986656279021815,0
3.254039179047876,0.0008992424554203564,0.0,0,438.1651333034639,0.2608125793472999,0.29764271085738014,1680.0,1.0053288575763417,0,9,10,18.17646794004816,0
3.961214765840234,0.0024340357970605415,0.0,0,340.86983796685223,0.2582347257324638,0.3439172360928737,1320.0,1.010725308280944,0,9,10,29.637826456652355,0
3.5697330754725236,0.0008305808168236866,0.0,0,727.2498101259331,0.2634963080166424,0.3296546449449735,2760.0,1.0101196136236406,0,9,10,58.01057440859252,0
2.6676854093552347,0.0014408403948866096,0.0,0,460.7923757844245,0.2559957643246803,0.322237193351055,1800.0,1.0094515668135893,0,9,10,49.92516226203703,0
3.910901901727261,0.0019470974769864988,0.0,0,750.7469832164408,0.2606760358390419,0.3403344161245728,2880.0,1.0117731550387945,0,9,10,63.770019803362324,0
3.1803610153956896,0.001135425728725933,0.0,0,750.7700231477808,0.26068403581520166,0.3198423871049767,2880.0,1.0085185070690044,0,9,10,57.74041962916888,0
4.2240818378261595,0.001514804198289764,0.0,0,471.9028956302436,0.26216827535013537,0.31775001720089174,1800.0,1.0136234577417194,0,9,10,120.8189995190778,0
3.12229528334891,0.0010824236739436516,0.0,0,716.2554493027179,0.2595128439502601,0.32821152288048877,2760.0,1.009999398592818,0,9,10,66.91467761119911,0
2.1465081595807334,0.002318470437393744,0.0,0,595.2620711350621,0.2610798557609922,0.3342564194452991,2280.0,1.0087770832082903,0,9,10,53.51428253277387,0
3.240330994257941,0.0016180487414617485,0.0,0,684.3577196478996,0.2592264089575377,0.33826806598991693,2640.0,1.0101130066280863,0,9,10,74.55894200870978,0
4.7788630104485135,0.0009564136016186354,0.0,0,556.4245832188185,0.25760397371241595,0.3136032716130122,2160.0,1.0064715882001887,0,9,10,27.46094191969235,0
3.3800645634162105,0.001146769003787287,0.0,0,724.628057221333,0.26254639754396125,0.32707324698962237,2760.0,1.0140794150633803,0,9,10,58.36502914799639,0
3.223963170355994,0.000954529626412635,0.0,0,404.4305888189686,0.2592503774480568,0.313346413471165,1560.0,1.0134240238914025,0,9,10,79.21795445285484,0
3.220148798160158,0.002157084407441208,0.0,0,725.6485341035426,0.26291613554476184,0.3613205807975846,2760.0,1.0121146708080127,0,9,10,70.09366022304503,0
3.618474953001,0.0019120574991748568,0.0,0,746.5710416061228,0.25922605611323707,0.3690519105290363,2880.0,1.0067142227999561,0,9,10,49.79436617977515,0
5.347948090879301,0.0011899834010307548,0.0,0,695.3935456056844,0.2634066460627592,0.33104288918340136,2640.0,1.0073285937208412,0,9,10,39.93473410259902,0
2.5839035847262823,0.0010585773071135251,0.0,0,354.2858969637765,0.26839840679073973,0.3224213812869448,1320.0,1.0093068643423946,0,9,10,48.26390309147406,0
2.7584996574754217,0.001125704832068589,0.0,0,473.50613522147927,0.2630589640119329,0.32286286369772504,1800.0,1.007901638832579,0,9,10,68.7540920404641,0
2.644714096255798,0.0012197788845859903,0.0,0,412.5524578354582,0.2644567037406783,0.30487820661577997,1560.0,1.012669532296726,0,9,10,76.2121092494196,0
3.130392325192079,0.0014063536328091963,0.0,0,755.624264947418,0.2623695364400757,0.32908683109013975,2880.0,1.0110073214387552,0,9,10,65.66780278012162,0
4.0849648818080775,0.0008789822005546952,0.0,0,500.6450325684358,0.2607526211293936,0.32465656596000886,1920.0,1.011085994880534,0,9,10,60.59380406625471,0
3.2849645559051353,0.0005811417796656407,0.0,0,353.12674027171136,0.2675202577815995,0.3050896919263978,1320.0,1.0197523780191646,0,9,10,109.85097890360514,0
3.411376081490106,0.00134446014556763,0.0,0,529.9873117812914,0.2597977018535742,0.312253558819695,2040.0,1.0093640537829318,0,9,10,46.42928363757308,0
3.6354944434931746,0.0010188504618019393,0.0,0,593.3659385917015,0.2602482186805708,0.31344535921102623,2280.0,1.0125996154193329,0,9,10,99.38878381709648,0
3.0951944477999738,0.0011874069674739697,0.0,0,715.2139394945166,0.2591354853241002,0.31451318670988765,2760.0,1.00739501567065,0,9,10,62.47173882208448,0
2.58221794013335,0.0010353855052053908,0.0,0,468.3945419359097,0.26021918996439425,0.31598811149494865,1800.0,1.0093702607062516,0,9,10,52.242679771264605,0
3.279472533402208,0.001304994221653911,0.0,0,727.1800906175565,0.26347104732520166,0.3280199392961806,2760.0,1.0127649049819811,0,9,10,91.20187648828346,0
2.850588017227919,0.000872304402882778,0.0,0,724.0554178690302,0.26233891951776456,0.31985066490620245,2760.0,1.0069767565280918,0,9,10,31.53233455030935,0
2.8964404305849545,0.002016699651070226,0.0,0,525.5402781275117,0.2576177833958391,0.3317708545347496,2040.0,1.0095157525230218,0,9,10,62.10553722113569,0
2.0951464466557495,0.0010429471775518938,0.0,0,339.5287795529421,0.25721877238859253,0.3161386242614919,1320.0,1.004806059063541,0,9,10,21.780458626279433,0
2.534325367451821,0.0013327792185060276,0.0,0,466.44858415077033,0.2591381023059835,0.31388773665582304,1800.0,1.0052438342690002,0,9,10,26.74843416940709,0
2.731457227331918,0.001119341709523463,0.0,0,557.0511853241868,0.2578940672797161,0.32515613031281015,2160.0,1.0076015556796962,0,9,10,36.28109410240194,0
4.118540897917165,0.000378686708712042,0.0,0,408.9508790224089,0.26214799937333905,0.2896624550474538,1560.0,1.0151913108696424,0,9,10,98.4020375405749,0
3.768292730488592,0.002277890586796491,0.0,0,658.9758687420874,0.26149836061193943,0.3599001344635059,2520.0,1.006849501022995,0,9,10,40.13036199945053,0
3.542293998238031,0.001336764149446281,0.0,0,696.6503858403298,0.26388272190921586,0.3273820582166037,2640.0,1.0099298711141924,0,9,10,36.56578850300788,0
2.8032651026243864,0.0007611227248015648,0.0,0,343.27634014453974,0.2600578334428331,0.3111514461856354,1320.0,1.0134998466069154,0,9,10,105.71070690379695,0
2.4714384533984775,0.0017324515398665912,0.0,0,727.3784045777371,0.263542900209325,0.3731454448937236,2760.0,1.0081130785372814,0,9,10,58.860586047040485,0
3.698765602558576,0.0009267255516899954,0.0,0,403.8560739379653,0.25888209867818285,0.3055899565850198,1560.0,1.0134457404067385,0,9,10,36.731979259265046,0
4.655342851652318,0.00126093383264964,0.0,0,469.03085958813597,0.26057269977118663,0.32862550050456396,1800.0,1.0080744071433883,0,9,10,30.688559385723988,0
6.267465034859655,0.00200684430166995,0.0,0,693.8184658265887,0.26281002493431393,0.34060909843414416,2640.0,1.0137167229171975,0,9,10,87.22030590621152,0
3.882281377390859,0.0015282589691844538,0.0,0,347.63648823204784,0.26336097593336955,0.3218688585095027,1320.0,1.0066819294382399,0,9,10,18.14635265786282,0
2.8823974963730437,0.0014817028814292311,0.0,0,584.563329147758,0.25638742506480616,0.3046068971632346,2280.0,1.0098989464858974,0,9,10,65.15563861617706,0
3.251116869365019,0.0010151846191201403,0.0,0,747.5667843814566,0.25957180013245024,0.335881271275291,2880.0,1.011005669063997,0,9,10,56.569400628215774,0
3.0222892388174745,0.0008550012048103036,0.0,0,339.6870445227991,0.25733867009302963,0.29427111824606,1320.0,1.009614810658008,0,9,10,61.359304384589564,0
3.0203561066602145,0.001200831914249763,0.0,0,534.269057800502,0.2618965969610304,0.3239191214398882,2040.0,1.0118028450979246,0,9,10,61.57015476925235,0
3.8969619131799416,0.0009043928416271929,0.0,0,571.3526209761029,0.2645151023037513,0.3092862747106028,2160.0,1.0091067474603155,0,9,10,54.74483976169968,0
5.9724918369756885,0.0010823461335471584,0.0,0,600.7519155228122,0.26348768224684743,0.33950304309443846,2280.0,1.0160888333919145,0,9,10,56.52115966403151,0
3.9051912705261933,0.0009439659112486047,0.0,0,628.9155984535483,0.26204816602231185,0.31873256157762414,2400.0,1.0090123984303871,0,9,10,63.48663491954849,0
3.2145659455365583,0.0015299523268024354,0.0,0,571.1208606405256,0.2644078058520952,0.3452587231240317,2160.0,1.0112332596335083,0,9,10,80.24215491600931,0
3.5985841301221853,0.0028208546192830496,0.0,0,343.06987414671715,0.2599014198081191,0.3349184640073131,1320.0,1.0051328603384038,0,9,10,19.530151500524738,0
2.339057417812631,0.0017858560332290885,0.0,0,462.46733567518163,0.2569262975973231,0.3414388680486217,1800.0,1.0075767009345344,0,9,10,65.55617935549544,0
2.535949852608375,0.0014973070043859866,0.0,0,462.75406263878364,0.2570855903548798,0.327668429874116,1800.0,1.008877006535108,0,9,10,63.265523643892216,0
5.352378301053456,0.0012876317939984623,0.0,0,467.2101317709031,0.2595611843171684,0.3060681659823569,1800.0,1.0128232336438492,0,9,10,45.72579379039098,0
5.744933739284608,0.0008239205277917007,0.0,0,751.0337553493812,0.2607756094963129,0.30594417756243886,2880.0,1.0094013342027788,0,9,10,52.62386052156782,0
1.8456352839712145,0.0019980016427652925,0.0,0,347.76375287977913,0.2634573885452872,0.342276412260021,1320.0,1.0029210422122519,0,9,10,29.37555281659105,0
5.452104691440258,0.002256374407920268,0.0,0,725.9942704242351,0.2630414023276214,0.33140362571975,2760.0,1.0147368704924127,0,9,10,78.32314485051064,0
3.401582670005745,0.001204847160681912,0.0,0,625.1242910629487,0.260468454609562,0.3187521521662978,2400.0,1.005714569177811,0,9,10,35.191781684532884,0
2.8147938747751255,0.002114624663543782,0.0,0,753.6986530131447,0.26170092118511973,0.36839977971649257,2880.0,1.0129965755231183,0,9,10,73.19073889380894,0
2.936809124871259,0.0013330911954899378,0.0,0,650.4794784856878,0.2581267771768602,0.3196699095765689,2520.0,1.0116653219512945,0,9,10,67.6447011933733,0
1.7893334430706367,0.0015990707886647333,0.0,0,503.83432279450074,0.26241370978880246,0.32456175229221285,1920.0,1.0021913272358574,0,9,10,12.873215254864734,0
5.4850791865821185,0.0005804038321671004,0.0,0,599.8849675409599,0.2631074419039298,0.3114912679016017,2280.0,1.0169966438072868,0,9,10,75.9139648804912,0
1.6646620201608522,0.0020850373146257062,0.0,0,408.66250616075877,0.26196314497484535,0.3395652480492017,1560.0,1.0050297229769392,0,9,10,47.27114648783951,0
3.430512642649834,0.0014975715750932595,0.0,0,729.7275534497529,0.26439404110498294,0.35471455287440656,2760.0,1.0145488869151238,0,9,10,67.32312124110344,0
3.139650125289245,0.0018459434467202902,0.0,0,666.6748156665715,0.2645534982803855,0.3300753275782586,2520.0,1.008846958442735,0,9,10,42.7322766773925,0
4.836236241419854,0.0015915191342769387,0.0,0,528.2533888496519,0.2589477396321823,0.32694120125261866,2040.0,1.0196812361568246,0,9,10,148.6901406464298,0
4.853142388664797,0.0011777100981901698,0.0,0,475.5086267682168,0.264171459315676,0.3178432104950369,1800.0,1.0191964268007943,0,9,10,122.36963192160795,0
3.0691633798634745,0.0014923865721094113,0.0,0,470.89307756214646,0.2616072653123036,0.32091350894818976,1800.0,1.0101120986132608,0,9,10,53.22919346044718,0
2.622686770777891,0.0008304880709318769,0.0,0,472.2064410894724,0.2623369117163736,0.307413040677436,1800.0,1.0082043402238068,0,9,10,45.28263325832218,0
3.6537203255924378,0.0007370903482288752,0.0,0,568.1078505878949,0.2630128937906921,0.2992669649728954,2160.0,1.0093081336428864,0,9,10,67.5165118265668,0
2.4935036036338993,0.0014199767892980031,0.0,0,341.34849668926773,0.25859734597671796,0.32086049378344067,1320.0,1.0060513619517029,0,9,10,28.361116754815914,0
2.5251196762838717,0.0017025277651116712,0.0,0,598.8366810118999,0.26264766711048243,0.33993107653281296,2280.0,1.0067922806340683,0,9,10,52.12027020730492,0
3.956719584917882,0.0017830998685257826,0.0,0,758.2675213799108,0.26328733381246905,0.33920820217566183,2880.0,1.0129813398000038,0,9,10,72.28181096556568,0
2.926352315389896,0.0018692951221855564,0.0,0,627.7419764431346,0.2615591568513061,0.33747946574888077,2400.0,1.0067885311149143,0,9,10,48.67340099742827,0
2.569392725051525,0.0014623978339193668,0.0,0,750.9244133928297,0.260737643539177,0.33288311637957885,2880.0,1.009938376726144,0,9,10,64.58300326601788,0
2.8784625006864997,0.001448554591332224,0.0,0,442.88173720543244,0.26362008166990025,0.33017591256299694,1680.0,1.011789625678717,0,9,10,83.32262498630801,0
2.213571927493616,0.0013085050440036188,0.0,0,352.54738645829275,0.2670813533774945,0.33360902601220377,1320.0,1.0094715984144775,0,9,10,51.6763713940651,0
4.179395726515028,0.002040610826366968,0.0,0,497.0662031571111,0.25888864747766205,0.34456659018754426,1920.0,1.0120373706943293,0,9,10,64.51631545702554,0
3.6064896632760908,0.0014043540473302521,0.0,0,627.8301683263019,0.26159590346929246,0.321479906929099,2400.0,1.0115838495382192,0,9,10,74.92377123283568,0
2.802933602494167,0.0011325434880606665,0.0,0,749.8579674025558,0.2603673497925541,0.3069505230593631,2880.0,1.0102957931401741,0,9,10,95.4987345586901,0
2.8093021386016197,0.0013760066158802528,0.0,0,660.1218015482762,0.26195309585249055,0.3233693401519397,2520.0,1.0097705567200612,0,9,10,44.20908841502789,0
2.6515182144343243,0.0009683035190110839,0.0,0,524.5665770762251,0.25714047895893394,0.3206464255938846,2040.0,1.0057323115801156,0,9,10,49.58975092354321,0
4.164739398949662,0.0005687951940300729,0.0,0,341.9453480575291,0.2590495061041887,0.2939100068855476,1320.0,1.003723433325049,0,9,10,14.246489266385998,0
3.3685715228204334,0.0009016780700330001,0.0,0,342.5372929050819,0.2594979491705166,0.2932025299526894,1320.0,1.0050589970501023,0,9,10,16.846038780592096,0
4.277594869653198,0.001050224795247698,0.0,0,596.1701927762637,0.26147815472643143,0.3271165280246688,2280.0,1.0103268258038867,0,9,10,68.23536921946084,0
3.2887978282267523,0.0006680962011072027,0.0,0,505.6662745076517,0.2633678513060686,0.31507243574889227,1920.0,1.013489667749969,0,9,10,59.76502212708636,0
4.357126531107325,0.001064658951728662,0.0,0,629.9843624971035,0.26249348437379305,0.3152045474199088,2400.0,1.0122429978305514,0,9,10,67.03148346489013,0
4.322378190267532,0.0008892952054070838,0.0,0,598.1282091369446,0.26233693383199325,0.303642218004015,2280.0,1.0091482650721846,0,9,10,31.624165115519354,0
5.086230576376605,0.0017992315137671656,0.0,0,662.9411336376052,0.2630718784276211,0.3551461635740056,2520.0,1.0144803023179718,0,9,10,94.70235454123785,0
2.230161045544645,0.0008800365202188738,0.0,0,434.89259360516263,0.258864639050692,0.30921088597060453,1680.0,1.005510627507672,0,9,10,27.198354361564093,0
4.048771166998794,0.0010672643875035686,0.0,0,476.51424585444084,0.26473013658580047,0.323344289182181,1800.0,1.012257261089109,0,9,10,48.53785120989583,0
3.02212153568752,0.0009858257500412841,0.0,0,372.61395665333873,0.25875969212037414,0.30389448372644323,1440.0,1.0118170672139308,0,9,10,88.80222369257707,0
2.5379670431026975,0.001521507511473911,0.0,0,468.58157722933413,0.2603230984607412,0.32537229513300664,1800.0,1.0067800762236934,0,9,10,75.04848582604725,0
1.474779780022771,0.0017340432357775975,0.0,0,400.41244274382035,0.2566746427845002,0.31422810550974856,1560.0,1.0039778728335966,0,9,10,25.209845294182983,0
4.135829185032837,0.0014397585806512018,0.0,0,537.5023033618587,0.2634815212558131,0.31741575568604075,2040.0,1.0129702416525679,0,9,10,65.75579196830958,0
4.295628881665506,0.001320581225910639,0.0,0,434.05250023863834,0.25836458347537994,0.33184427052698656,1680.0,1.0103154406134782,0,9,10,28.208554100652204,0
4.139867441492289,0.0013970719180805156,0.0,0,411.7400182679686,0.26393590914613374,0.32640881537111965,1560.0,1.011588283455386,0,9,10,56.337090770663245,0
2.441615459121032,0.0024952335614320453,0.0,0,478.75343365583535,0.2659741298087974,0.35625683910092554,1800.0,1.0091280189066536,0,9,10,64.14408651266068,0
4.80318808239944,0.0014464752592981865,0.0,0,383.08094425129053,0.26602843350784067,0.35093182694776204,1440.0,1.0174240129942667,0,9,10,73.91438434022687,0
4.515185873518177,0.000915505300607149,0.0,0,568.4371847837451,0.26316536332580787,0.30685286962374275,2160.0,1.0123654066264012,0,9,10,71.6117775652009,0
3.2496675452953556,0.0005702707831099902,0.0,0,467.7563978035812,0.259864665446434,0.2963300098804863,1800.0,1.0092595178205976,0,9,10,62.65414561075056,0
4.1623765030285105,0.0014345599947545038,0.0,0,744.7154580311659,0.25858175626082147,0.34738102093305234,2880.0,1.0074559033418318,0,9,10,63.23809756961315,0
3.658370269918222,0.001371989684712661,0.0,0,479.49640019093476,0.26638688899496377,0.32245207451099756,1800.0,1.0196109369969892,0,9,10,160.02920304101593,0
2.9856988592811176,0.0013510432126898368,0.0,0,701.3154493471233,0.2656497914193649,0.32939603643925247,2640.0,1.014378473915441,0,9,10,112.81879621269131,0
3.2338769654796655,0.0010056315304268156,0.0,0,570.678107450791,0.26420282752351437,0.31994815099323426,2160.0,1.0120869510380435,0,9,10,99.95524233366321,0
3.006369815290406,0.0012658794137446867,0.0,0,594.3118359776164,0.2606630859550949,0.3469299922890669,2280.0,1.0121421772267052,0,9,10,62.893783461791045,0
4.178546122431282,0.0012802996641035594,0.0,0,438.4924519030556,0.2610074118470569,0.3234296082708941,1680.0,1.0083841210393756,0,9,10,62.27384645977732,0
3.7235121021873625,0.0020335206018328284,0.0,0,414.1135233400507,0.2654573867564427,0.3559233570533498,1560.0,1.0160334734323946,0,9,10,97.8768126972285,0
2.3187380690447847,0.002199365500484445,0.0,0,367.6875506094122,0.2553385768120918,0.3189062371278242,1440.0,1.0096057008925174,0,9,10,50.844099349534275,0
3.1417829011765255,0.0016452716088447613,0.0,0,597.8596796249328,0.26221915773023374,0.31863856271563656,2280.0,1.0064903888105028,0,9,10,32.714164110504704,0
2.232064517295888,0.0023859666976757898,0.0,0,433.8803517582318,0.25826211414180467,0.3312017567351857,1680.0,1.0052077572365958,0,9,10,13.999551679531587,0
5.269615773720196,0.0014395873737243494,0.0,0,410.74498288259235,0.2632980659503797,0.30407503099413863,1560.0,1.0170577829279566,0,9,10,123.61660488194183,0
2.5239449823709617,0.0018472508963802688,0.0,0,470.8395214923771,0.2615775119402095,0.3246468364495565,1800.0,1.0119787050011622,0,9,10,103.65036552534009,0
3.586174633698593,0.0024070250118775408,0.0,0,596.6284029216631,0.2616791240884487,0.3442907642629899,2280.0,1.0145327977011473,0,9,10,52.31623501106548,0
4.248566394693879,0.00036042236192065664,0.0,0,347.14185723934844,0.26298625548435484,0.2985735005376538,1320.0,1.0129208597360606,0,9,10,51.37671382188902,0
4.482918025698596,0.000815351944475964,0.0,0,499.32120111393453,0.26006312558017425,0.30729351571952196,1920.0,1.0060039040242608,0,9,10,40.03484775485299,0
2.9308528974733328,0.0015241593600311824,0.0,0,465.6532226101437,0.25869623478341314,0.30757137027123377,1800.0,1.0062017939244243,0,9,10,24.198272598711473,0
2.8391146118454507,0.0017713868690162064,0.0,0,400.5895971735951,0.2567882033164071,0.324567990636649,1560.0,1.0043896142859345,0,9,10,29.380625031391634,0
3.1190543381541462,0.0020142826986875445,0.0,0,658.7742777020835,0.2614183641674935,0.3295400292654068,2520.0,1.012215826934229,0,9,10,105.61168354627486,0
3.4387337476323125,0.0012185668347544439,0.0,0,687.5272922017263,0.260427004621866,0.33462623926691476,2640.0,1.012676247440448,0,9,10,74.61100768303342,0
3.7817667880902115,0.0007206287995925644,0.0,0,566.6282225160212,0.26232788079445424,0.2992838622575075,2160.0,1.0140673865742134,0,9,10,129.14950653145772,0
3.1958597726672764,0.0010222955014312955,0.0,0,663.5691341176848,0.26332108496733525,0.31680328458699375,2520.0,1.0132530986424724,0,9,10,81.88041410013946,0
2.734890856148862,0.0015649836459742917,0.0,0,694.256185365727,0.2629758277900481,0.33077306569127496,2640.0,1.005295198794649,0,9,10,31.826598168129664,0
3.7573879612812404,0.001083310921430386,0.0,0,729.5676329560443,0.2643360988971175,0.3163183556069944,2760.0,1.012804904273474,0,9,10,73.41668809369455,0
2.9576098600255993,0.000980857617181395,0.0,0,752.2226664666091,0.26118842585646146,0.3200790465440031,2880.0,1.0122381115892636,0,9,10,99.47823742247799,0
4.083111863203409,0.0009553816427447666,0.0,0,561.524872407229,0.25996521870705047,0.3406403456140427,2160.0,1.0191976437231407,0,9,10,162.21349586140565,0
3.413925369988258,0.0006790283866097424,0.0,0,481.94544199584794,0.26774746777547104,0.31191450560477996,1800.0,1.0157580048789938,0,9,10,64.23938010408189,0
2.734563236380252,0.0015003668069828498,0.0,0,656.4184609234163,0.26048351623945093,0.32908039379670556,2520.0,1.0109541242192035,0,9,10,82.50214105752636,0
3.8636651846128145,0.001422043711314835,0.0,0,413.9502911998737,0.26535275076914977,0.3161222055887338,1560.0,1.0188862811252501,0,9,10,104.94748913551497,0
2.4781226567975696,0.0016624571769867902,0.0,0,564.8185915106188,0.26149008866232354,0.3420410863076665,2160.0,1.0054406542971963,0,9,10,31.219086205770765,0
3.2607836580603564,0.0017575930417863736,0.0,0,539.9184767555847,0.2646659199782278,0.35244754085162777,2040.0,1.0148147838453216,0,9,10,90.10040414317237,0
3.756497827591166,0.002073625504789945,0.0,0,564.1916914316487,0.2611998571442818,0.35648789292891453,2160.0,1.0044487848325114,0,9,10,8.758467928968164,0
4.317240341355415,0.0009067270588231524,0.0,0,440.8430993585799,0.2624066067610594,0.34067735237198826,1680.0,1.0103616988164315,0,9,10,29.708550319147566,0
3.3551573833735344,0.0013757492756408122,0.0,0,416.69638471550337,0.2671130671253227,0.32535207646176345,1560.0,1.0170099547320548,0,9,10,149.5937291440827,0
2.0986629392766605,0.001236897739192513,0.0,0,437.1527021739332,0.26020994177019835,0.3542485459377857,1680.0,1.0048501243682293,0,9,10,29.155349521554548,0
3.5342921894625268,0.0014815250541896756,0.0,0,498.15794383248925,0.2594572624127548,0.32249884996511735,1920.0,1.005873597963527,0,9,10,37.26241958792773,0
3.1559208205012395,0.0017947868600558135,0.0,0,537.0272321430535,0.2632486432073792,0.3611822003531341,2040.0,1.0086647766178214,0,9,10,59.34734796481856,0
1.8508857850218101,0.0017778761343740228,0.0,2,553.4939335793168,0.25552415542963136,0.337200225206526,2160.0,1.0020333816912406,0,9,10,10.059358550474274,1
387.301595633129,4.433896781811048,1800.0,2,11658.594438185619,0.8754942536296517,7.854434477385744,1440.0,30.839175109035956,1,9,10,2373.6555559353487,1
290.4366337790975,1.1137211627152284,0.0,4,11424.009853717787,0.5057886450708212,4.980201261571476,2640.0,16.825029926033995,0,9,10,1995.4280414145412,1
2.7751674129831936,0.0012589023887008065,0.0,2,595.6874357991945,0.26076452046467075,0.33172569989643325,2280.0,1.0036159010923076,0,9,10,20.534993478641226,1
281.5469079996326,168.18188596379366,1800.0,1,11638.406690336154,4.150515790934832,47.16126310166586,1440.0,31.130462775531026,1,9,10,3174.879165902122,1
2.5454232012451046,0.0038754543538382226,1800.0,1,750.6482440129498,0.2506395686797218,0.3096657519874253,2880.0,1.0111789123663515,1,9,10,197.83345177749516,1
244.35162198813947,22.235290137594294,1800.0,2,8614.73898011244,1.6526256869922535,17.28960371046018,1440.0,23.317709280940807,1,9,10,2898.4928845106106,1
3.152791352970581,0.004078026199637553,1800.0,1,755.2279430583169,0.24846409247497017,0.3270259381263434,2880.0,1.0121301878225737,1,9,10,162.07901861750102,1
282.33950137373006,2.04829478040819,0.0,1,6602.141807630385,0.7150969044599454,5.239549538666409,1320.0,19.27191714934608,0,9,10,2560.617643960822,1
5.441852032337058,0.004441391328537242,1800.0,4,592.4155202739481,0.243130469262507,0.30632533478027035,2280.0,1.0082137082164673,1,9,10,127.92526871288445,1
221.67887482947498,1.0742505397379911,1800.0,2,10426.335126398473,0.48103383502835007,5.107565332779555,2520.0,15.875732266942183,1,9,10,1613.7987520623828,1
2.8905225392585407,0.00041623449221236204,0.0,2,691.5292180735852,0.26383669278186717,0.29465628146369094,2640.0,1.0069403517450415,0,9,10,63.91285487972331,1
3.041234648357567,0.004386366968312574,1800.0,1,586.8380016548551,0.24432245463716235,0.315232378958038,2280.0,1.011092374927779,1,9,10,156.21206233192734,1
5.800058470837175,0.0054265860227917205,1800.0,3,533.273916763112,0.24906609311123637,0.3161986211594975,2040.0,1.0131657081778316,1,9,10,176.10835309727722,1
171.15128722001447,94.9175991183674,1800.0,1,11695.771597608411,2.4283597906713856,45.99738182984909,2520.0,17.904080792077398,1,9,10,2188.8491164838774,1
64.51188029004608,12.728071996661113,0.0,0,5024.577391962784,1.0014774516665301,18.110276950902172,2880.0,6.7736146967966855,0,9,10,1833.6822309897736,1
87.72033732051092,0.5649029305039502,0.0,1,6406.0869641923955,0.4223528091053211,3.945475924539947,2760.0,8.886753249537334,0,9,10,2356.1727957144144,1
121.48702193467973,26.84921111283191,0.0,3,5794.100431129768,1.6038630778883984,21.671671030690213,2280.0,9.79526282790392,0,9,10,3086.7893998858463,1
234.01105209617648,1.5949132164618791,1800.0,2,8700.877101617918,0.6026850291604647,4.968696599883696,1560.0,21.59832353153333,1,9,10,2542.9460948600226,1
3.167349002859154,0.0016991058560161876,0.0,2,405.85023589427396,0.25792741307335015,0.32183536438473226,1560.0,1.008129691414635,0,9,10,29.551334666215155,1
232.35716502863383,15.066920459146356,0.0,2,8375.11311718629,1.2610488989623085,16.293585687997883,2280.0,14.20021645221327,0,9,10,2591.5810914025315,1
248.6804837585337,6.91532665456663,1800.0,2,14936.834653232345,0.8655688726752718,12.019077859861751,2280.0,25.39009204526184,1,9,10,2407.764040185898,1
3.9302334286647382,0.001264964656311355,0.0,2,533.9983832437783,0.2630023309660797,0.3245998652506921,2040.0,1.0071876371329336,0,9,10,42.92403067932379,1
14.871519862164021,0.0037614750405463564,0.0,1,1202.2940669138034,0.27506337976603423,0.4715921306868816,2040.0,2.2771047943231704,0,9,10,2750.5175008878455,1
5.4756677350574225,0.004855660495761837,1800.0,4,721.239725961964,0.24682397416306925,0.32592878289180033,2760.0,1.0094129383392487,1,9,10,139.71337779185512,1
3.8348980611242838,0.004582133069671939,1800.0,1,561.6705904326969,0.24345353028540678,0.32852304919360353,2160.0,1.0120257883651562,1,9,10,159.41875519417312,1
3.998698811039925,0.0010665059613453602,0.0,3,748.763204397433,0.258285301196221,0.31578628629029576,2880.0,1.011872179466089,0,9,10,58.78987620690683,1
3.059237885020544,0.0004991654735937084,0.0,2,508.449318256149,0.2632702235618553,0.305535110669689,1920.0,1.00583379671879,0,9,10,12.229380126424417,1
175.17209151625278,60.94090914498886,0.0,0,9285.800975636457,2.051180643439798,36.07851195128942,2400.0,15.044281122723532,0,9,10,2509.3847962616433,1
127.65058866283768,0.9896570499089588,0.0,1,7946.645548570062,0.4818839533557322,5.039255868488753,2640.0,11.59180849102605,0,9,10,2158.52122316364,1
175.11609274433937,5.097466371583867,0.0,1,6642.9501039266415,0.9165966252424778,8.737002252776293,1560.0,16.425152075933962,0,9,10,3373.9547273010658,1
270.7324021871211,18.405827943073195,0.0,1,9359.529637952348,1.3306707265568365,18.49083306135605,2040.0,17.844064329757057,0,9,10,2116.3739166134415,1
276.5684165119304,0.913797843012092,0.0,2,8058.512551568965,0.5230436054764583,3.9656843438839617,1920.0,16.205420214500542,0,9,10,2573.641190787483,1
2.410566197041726,0.0043238679896761304,1800.0,3,630.5510306964427,0.2449359435261193,0.3198026533460856,2400.0,1.008821664681096,1,9,10,209.34298025815363,1
537.4060682300164,7.466033630002198,0.0,3,11579.4380205253,1.1775364108890278,9.373712815289059,1440.0,30.788085898987788,0,9,10,3468.9816860716337,1
2.612445157527799,0.005002608614603789,1800.0,1,531.2498037163324,0.2472238739520907,0.35862275175183783,2040.0,1.0076901600033816,1,9,10,138.91271898603364,1
2.239466432934148,0.0007981975797889298,0.0,2,398.03148771606647,0.25668313144209276,0.3174785839617661,1560.0,1.0050285874050398,0,9,10,23.973551582809968,1
280.5150258885504,23.53645900961037,0.0,1,8237.276045591152,1.8818692912838006,16.435959854607212,1320.0,23.82248487117706,0,9,10,3973.258365729763,1
1.8646640693801857,0.00491912914795378,1800.0,1,463.95035947334196,0.24180957738581402,0.31788597268779617,1800.0,1.0057276926598946,1,9,10,174.95196127396673,1
25.137931402894484,0.04660991800268536,0.0,1,2186.7796491418526,0.3060444520735539,1.1840208678206567,2160.0,3.9814635254020367,0,9,10,2803.791583915304,1
2.992722709044489,0.0014004190945266402,0.0,1,348.912203467361,0.2652483067822743,0.32588965123212765,1320.0,1.0089377415628085,0,9,10,23.464687698693805,1
223.62627877134221,0.9001332680202303,0.0,3,10519.008074821977,0.508123137252411,4.181279625754599,2280.0,17.663327569724252,0,9,10,2983.2235951699545,1
2.8125110773918607,0.0016851657209904797,0.0,3,590.112596929285,0.25989706448543587,0.32619513645527454,2280.0,1.01172936420261,0,9,10,66.21886574525213,1
3.1826021577031156,0.0006028287447537605,0.0,2,750.7926795489803,0.2617009073555771,0.3124127774604758,2880.0,1.0090111698142223,0,9,10,55.677585824720566,1
3.930204209085121,0.005629422602225044,1800.0,1,501.41934580063025,0.24398237747236298,0.32133252178083854,1920.0,1.0111487622287938,1,9,10,164.460079778121,1
2.8939341401785676,0.005173908603322272,1800.0,1,597.938170552368,0.24719806728710444,0.3292055998406563,2280.0,1.0099538998718245,1,9,10,190.39983416606208,1
318.3481299128296,8.181290913663913,0.0,2,9705.173134778102,1.2226816027082987,9.802972550740469,1320.0,28.25338511546248,0,9,10,4259.359727117922,1
4.138565578802907,0.003665757056938546,1800.0,1,754.9877852149107,0.2518266720245797,0.32623037972065777,2880.0,1.0149683465715207,1,9,10,218.27395167170786,1
1779.8717984249563,12.649629199711534,1800.0,2,13394.556008133877,1.2723314619801727,13.590201872740659,1440.0,35.659901800731504,1,9,10,1788.0253772616,1
30.127090211224036,0.008920661945396556,1800.0,2,2468.4955091458023,0.2646935519851335,0.579953958616557,2520.0,3.7930849776380784,1,9,10,2092.5559045284863,1
437.19756898032426,8.738196415534874,0.0,2,10879.773364146386,1.1491536366448947,10.952743882231017,1680.0,24.82236188457536,0,9,10,2953.506939295905,1
301.8228285665488,1.9501883932975725,0.0,3,9694.205047549702,0.6602278035137986,5.4959732415609865,1800.0,20.872931025629015,0,9,10,2745.550533077102,1
2.0415513176425892,0.006589889731675281,1800.0,1,364.20613537889824,0.23813964348189942,0.3148952967745903,1440.0,1.005420329648273,1,9,10,254.93294418922383,1
1.9738894101512487,0.007637488219547115,1800.0,2,426.709067509153,0.23930960587677144,0.3604552233624361,1680.0,1.0047228248027202,1,9,10,236.38841625028417,1
294.7949350780706,7.862431652578213,0.0,1,10765.19257357444,1.0731602037260297,10.785352175841913,1560.0,26.291123128465088,0,9,10,3685.3673922299545,1
60.43096075195961,7.868760435257518,0.0,0,3718.1018517268,0.9049466470333879,13.131504429423858,2400.0,6.00831808186853,0,9,10,2192.8344843453538,1
4.555672948368355,0.0044851772360353466,1800.0,4,722.2458939712973,0.24738517871946814,0.31907000824472287,2760.0,1.0067092062245766,1,9,10,149.28973391152502,1
3.220995225397876,0.0014720173478446946,0.0,2,502.4368959944138,0.2623828488254419,0.3227089046955734,1920.0,1.011094033175881,0,9,10,110.20428880720269,1
2.936551277717806,0.0009261844818725459,0.0,2,473.9195667979967,0.26506197092054457,0.3271010656573817,1800.0,1.00628992975602,0,9,10,35.58565878594095,1
3.3542977066955353,0.004128167593564154,1800.0,1,622.7870864430672,0.2454707605040874,0.31866730202277466,2400.0,1.0056161418662621,1,9,10,121.6217259532781,1
83.54227836855699,1.4709090813957444,0.0,3,2934.851858157678,0.5815102437736621,5.11826367944966,2040.0,5.5941303496650026,0,9,10,2051.103669251919,1
3.8107951275762493,0.0010370026133852172,0.0,1,438.8647001830136,0.2599005704255874,0.3081912672762763,1680.0,1.0079965741208643,0,9,10,45.65340940699726,1
245.75283818015458,18.54188455273016,0.0,4,10547.07560821633,1.2261033028636508,20.482791571465178,2880.0,14.113766711220917,0,9,10,1737.3185165279356,1
161.98036115298567,4.51057327854079,1800.0,2,10715.363614202148,0.7123756096368319,10.439202127575745,2640.0,15.646339637421883,1,9,10,1944.281618623886,1
167.94388936659283,2.722251890948882,1800.0,2,8317.323022698358,0.6248949013612954,7.996353333401847,2520.0,12.609300831409886,1,9,10,1566.5582903586253,1
1.9898387453824495,0.001425900218678293,0.0,1,376.8368665312241,0.26164762067736697,0.32455549697980157,1440.0,1.0084971041564827,0,9,10,65.00760723566303,1
2.3364905573993027,0.0042437780870284575,1800.0,1,629.3493356167054,0.24838171256111927,0.3220511604240409,2400.0,1.0100343236595741,1,9,10,180.37540581138498,1
137.15556032422163,30.917084453548213,0.0,0,5818.702169806482,1.7441657034260978,22.54826404373069,1800.0,12.629185134470013,0,9,10,2684.7299798053873,1
215.79356749344254,0.7682572993076776,0.0,1,7951.582754057936,0.49906351494169954,3.8921545695363666,1920.0,15.637628764909065,0,9,10,2412.4741522837544,1
2.6062148467909356,0.005116551510491257,1800.0,1,437.37009028376303,0.2373316559329868,0.30826039036744385,1680.0,1.0122393762648065,1,9,10,163.58930714235078,1
3.2512008017006706,0.005307707508309954,1800.0,3,562.9440502182281,0.23799366376999342,0.35196590630714014,2160.0,1.00679917344378,1,9,10,255.66297148208164,1
147.33187192809,1.4857449034499302,1800.0,2,7798.813256633375,0.5181046793349336,5.960696892140202,2520.0,11.89762489705294,1,9,10,1335.8456093467832,1
207.0816627202062,2.3310181583846754,0.0,3,6417.09044260221,0.6809164010188145,6.1846093797478705,1920.0,12.948798047204438,0,9,10,2825.137634719736,1
236.28571212345756,14.64652737425656,0.0,1,8174.769871346827,1.250120531232506,16.071315177934,1920.0,16.31952485068541,0,9,10,2283.7376812638245,1
213.635262020718,0.6896428980442327,0.0,1,10460.50951649924,0.4690171387095173,3.7842168936159686,2040.0,19.547150510050354,0,9,10,2814.3933787711358,1
57.46658811465888,0.07662062886761951,0.0,1,3391.6449169625134,0.3238029227504982,1.485347955327809,2280.0,5.833821990930284,0,9,10,2216.217314102904,1
4.594856384475384,0.0032616117962475273,0.0,2,690.266562407497,0.24720012934268018,0.29445711042582623,2640.0,1.0199691932082862,0,9,10,265.05413750431836,1
206.93179192752132,7.15129647454341,0.0,2,4715.454871808621,1.1527065588793937,9.1746261031474,1320.0,13.481711325252228,0,9,10,3299.086990403192,1
4.049131722259652,0.0009811959625523436,0.0,2,566.3098918050279,0.2621904938088772,0.2985694848883096,2160.0,1.01046312025192,0,9,10,81.73445370676245,1
5.76994227267388,0.005384504570182095,1800.0,4,564.9598209749245,0.24198304002507293,0.3353072070145199,2160.0,1.0046530772529185,1,9,10,154.4496938983816,1
